{
    "F_score": 0.6025785764679269,
    "recall": 0.49834796563768524,
    "precision": 0.7619400771284486,
    "cate_acc": 0.9432379811292496,
    "x_error_close": 0.29788605873261975,
    "x_error_far": 0.3098779163077294,
    "z_error_close": 0.11927188575525781,
    "z_error_far": 0.151918520047419
}